{"loss": [3.4513237476348877], "accuracy": [0.11734693497419357], "val_loss": [3.3345534801483154], "val_accuracy": [0.1341145932674408]}