{"loss": [3.4727513790130615], "accuracy": [0.12563775479793549], "val_loss": [3.2969274520874023], "val_accuracy": [0.125]}