{"loss": [3.4263646602630615], "accuracy": [0.11479591578245163], "val_loss": [3.332493305206299], "val_accuracy": [0.12890625]}