{"loss": [3.480377197265625], "accuracy": [0.11766581237316132], "val_loss": [3.3164288997650146], "val_accuracy": [0.12890625]}