{"loss": [3.5926218032836914], "accuracy": [0.10363519936800003], "val_loss": [3.3521080017089844], "val_accuracy": [0.1354166716337204]}