{"loss": [3.431124210357666], "accuracy": [0.1310586780309677], "val_loss": [3.290032386779785], "val_accuracy": [0.1640625]}